headline,label,source
Republicans block climate bill as temperatures soar,left,ThinkProgress
Billionaires benefit most from GOP tax cuts,left,The Nation
Workers march for living wage as corporations post record profits,left,Jacobin
GOP lawmakers gut environmental protections amid industry pressure,left,Mother Jones
Conservative justices dismantle voting rights in landmark ruling,left,Slate
Republican-backed voter ID laws suppress minority turnout,left,HuffPost
Wealthy donors pull strings as GOP dismantles consumer protections,left,Common Dreams
Big oil companies write their own regulations under Republican watch,left,The Guardian
GOP healthcare plan leaves millions without coverage experts warn,left,Vox
Republicans prioritize Wall Street over working families in new bill,left,Daily Kos
Union-busting legislation passes as GOP serves corporate masters,left,In These Times
Supreme Court conservatives hand corporations victory over workers,left,AlterNet
Republican tax overhaul rewards rich while crushing middle class,left,New Republic
Biden administration's open border crisis reaches new high,right,Breitbart
Liberal policies drive crime surge in Democrat-run cities,right,Fox News
Democrats push radical agenda despite majority opposition,right,Daily Wire
Woke education indoctrination spreading through public schools,right,The Federalist
Biden's energy war destroys American jobs and raises gas prices,right,Washington Examiner
Democrat soft-on-crime prosecutors release dangerous criminals,right,New York Post
Socialist Democrats plot government takeover of healthcare,right,Newsmax
Biden regime weaponizes DOJ against political opponents,right,Townhall
Liberal media silences conservative voices on major platforms,right,PJ Media
Democrats open floodgates as illegal immigration surges,right,CNS News
Big government overreach threatens American freedoms under Biden,right,American Spectator
Radical left defunds police leaving citizens defenseless,right,The Blaze
Democrat spending spree fuels runaway inflation crushing families,right,Washington Times
Mainstream media covers up Biden family corruption scandal,right,Just the News
Senate votes on infrastructure bill,neutral,Reuters
Unemployment rate falls to 3.8%,neutral,AP
Federal Reserve raises interest rates by 25 basis points,neutral,Bloomberg
House passes budget resolution with bipartisan support,neutral,NPR
Supreme Court hears arguments on social media content moderation,neutral,PBS
Treasury Department releases quarterly economic report,neutral,CNBC
State governors meet to discuss border security measures,neutral,ABC News
President signs executive order on government spending,neutral,CBS News
Congressional committee holds hearing on artificial intelligence,neutral,BBC
Labor Department reports job creation figures for March,neutral,WSJ
FDA approves new drug treatment after clinical trials,neutral,Reuters
NATO allies agree on defense spending commitments at summit,neutral,Associated Press
Climate scientists release annual global temperature report,neutral,Nature
